"Authors","Author full names","Author(s) ID","Title","Year","Source title","Volume","Issue","Art. No.","Page start","Page end","Cited by","DOI","Link","Document Type","Publication Stage","Open Access","Source","EID"
"Yang Z.; Qiu Z.; Zhou Y.; Huang Z.; Bodeveix J.-P.; Filali M.","Yang, Zhibin (55716670400); Qiu, Zhikai (57224950706); Zhou, Yong (57191652509); Huang, Zhiqiu (14325169600); Bodeveix, Jean-Paul (6506097960); Filali, Mamoun (7004744985)","55716670400; 57224950706; 57191652509; 14325169600; 6506097960; 7004744985","C2AADL_Reverse: A model-driven reverse engineering approach for development and verification of safety-critical software","2021","Journal of Systems Architecture","118","","102202","","","15","10.1016/j.sysarc.2021.102202","https://www.scopus.com/pages/publications/85108696500?origin=resultslist","Article","Final","All Open Access; Green Open Access","Scopus","2-s2.0-85108696500"
"Szkaliczki T.","Szkaliczki, Tibor (6507170867)","6507170867","Discrete Data Rate Adaptation for Wireless Body Area Networks","2023","Applied Sciences (Switzerland)","13","14","8529","","","1","10.3390/app13148529","https://www.scopus.com/pages/publications/85166181555?origin=resultslist","Article","Final","All Open Access; Gold Open Access; Green Open Access","Scopus","2-s2.0-85166181555"
"Kwon J.; Wellings A.; King S.","Kwon, Jagun (8218709000); Wellings, Andy (7004269213); King, Steve (55745780200)","8218709000; 7004269213; 55745780200","Ravenscar-Java: A high-integrity profile for real-time Java","2005","Concurrency and Computation: Practice and Experience","17","5-6 SPEC. ISS.","","681","713","20","10.1002/cpe.843","https://www.scopus.com/pages/publications/17444393181?origin=resultslist","Conference paper","Final","","Scopus","2-s2.0-17444393181"
"Golmohammadi R.; Parsa S.; Zakeri-Nasrabadi M.","Golmohammadi, Roshan (59204332000); Parsa, Saeed (8407441400); Zakeri-Nasrabadi, Morteza (57219747851)","59204332000; 8407441400; 57219747851","Dynamic domain testing with multi-agent Markov chain Monte Carlo method","2024","Soft Computing","28","13-14","","8293","8317","0","10.1007/s00500-024-09680-5","https://www.scopus.com/pages/publications/85197525699?origin=resultslist","Article","Final","","Scopus","2-s2.0-85197525699"
"Russinoff D.; Bruguera J.; Chau C.; Manjrekar M.; Pfister N.; Valsaraju H.","Russinoff, David (6506303569); Bruguera, Javier (7005768741); Chau, Cuong (57725153000); Manjrekar, Mayank (55536100500); Pfister, Nicholas (58046046400); Valsaraju, Harsha (58046201100)","6506303569; 7005768741; 57725153000; 55536100500; 58046046400; 58046201100","Formal Verification of a Chained Multiply-Add Design: Combining Theorem Proving and Equivalence Checking","2022","Proceedings - Symposium on Computer Arithmetic","2022-September","","","120","126","4","10.1109/ARITH54963.2022.00030","https://www.scopus.com/pages/publications/85145879749?origin=resultslist","Conference paper","Final","","Scopus","2-s2.0-85145879749"
"Tang L.; Feng L.; Axelsson T.; Törngren M.; Wilkman D.","Tang, Lifei (58179061600); Feng, Lei (36472925500); Axelsson, Toni (58567412300); Törngren, Martin (6602078291); Wilkman, Dennis (58179065500)","58179061600; 36472925500; 58567412300; 6602078291; 58179065500","A deep learning based sensor fusion method to diagnose tightening errors","2023","Journal of Manufacturing Systems","71","","","59","69","8","10.1016/j.jmsy.2023.08.015","https://www.scopus.com/pages/publications/85170228617?origin=resultslist","Article","Final","All Open Access; Hybrid Gold Open Access","Scopus","2-s2.0-85170228617"
"Kafunah J.; Ali M.I.; Breslin J.G.","Kafunah, Jefkine (57306589800); Ali, Muhammad Intizar (26632760500); Breslin, John G. (7004753954)","57306589800; 26632760500; 7004753954","Handling imbalanced datasets for robust deep neural network-based fault detection in manufacturing systems","2021","Applied Sciences (Switzerland)","11","21","9783","","","12","10.3390/app11219783","https://www.scopus.com/pages/publications/85117711531?origin=resultslist","Article","Final","All Open Access; Gold Open Access; Green Open Access","Scopus","2-s2.0-85117711531"
"Russinoff D.M.","Russinoff, David M. (6506303569)","6506303569","Formal verification of arithmetic RTL: Translating verilog to C++ to ACL2","2020","Electronic Proceedings in Theoretical Computer Science, EPTCS","327","","","1","15","0","10.4204/EPTCS.327.1","https://www.scopus.com/pages/publications/85092627926?origin=resultslist","Conference paper","Final","All Open Access; Gold Open Access; Green Open Access","Scopus","2-s2.0-85092627926"
"Kondo M.; Bezemer C.-P.; Kamei Y.; Hassan A.E.; Mizuno O.","Kondo, Masanari (57192979962); Bezemer, Cor-Paul (35742992600); Kamei, Yasutaka (24476112100); Hassan, Ahmed E. (7402686972); Mizuno, Osamu (8931272200)","57192979962; 35742992600; 24476112100; 7402686972; 8931272200","The impact of feature reduction techniques on defect prediction models","2019","Empirical Software Engineering","24","4","","1925","1963","99","10.1007/s10664-018-9679-5","https://www.scopus.com/pages/publications/85060527970?origin=resultslist","Article","Final","","Scopus","2-s2.0-85060527970"
"Darais D.; Van Horn D.","Darais, David (51863642500); Van Horn, David (23487305600)","51863642500; 23487305600","Constructive Galois connections: Taming the Galois connection framework for mechanized metatheory","2016","ACM SIGPLAN Notices","51","9","","311","324","0","10.1145/2951913.2951934","https://www.scopus.com/pages/publications/85084451354?origin=resultslist","Article","Final","All Open Access; Gold Open Access","Scopus","2-s2.0-85084451354"
"Zeller M.; Sandhu V.S.; Mersch B.; Behley J.; Heidingsfeld M.; Stachniss C.","Zeller, Matthias (58017929800); Sandhu, Vardeep S. (58547702700); Mersch, Benedikt (57224466699); Behley, Jens (35207956200); Heidingsfeld, Michael (60109428000); Stachniss, Cyrill (6507517732)","58017929800; 58547702700; 57224466699; 35207956200; 60109428000; 6507517732","Radar Instance Transformer: Reliable Moving Instance Segmentation in Sparse Radar Point Clouds","2024","IEEE Transactions on Robotics","40","","","2357","2372","19","10.1109/TRO.2023.3338972","https://www.scopus.com/pages/publications/85179816857?origin=resultslist","Article","Final","All Open Access; Bronze Open Access","Scopus","2-s2.0-85179816857"
"Ding Z.; Zhou M.; Wang S.","Ding, Zuohua (23990419300); Zhou, Mengchu (7403506743); Wang, Shouguang (55979076600)","23990419300; 7403506743; 55979076600","Ordinary differential equation-based deadlock detection","2014","IEEE Transactions on Systems, Man, and Cybernetics: Systems","44","10","6783791","1435","1454","18","10.1109/TSMC.2014.2311757","https://www.scopus.com/pages/publications/84907203639?origin=resultslist","Article","Final","","Scopus","2-s2.0-84907203639"
"Brosgol B.M.","Brosgol, Benjamin M. (6602641192)","6602641192","Languages for safety-critical software: Issues and assessment","2007","Proceedings - International Conference on Software Engineering","","","4222735","180","181","2","10.1109/ICSECOMPANION.2007.45","https://www.scopus.com/pages/publications/34548799157?origin=resultslist","Conference paper","Final","","Scopus","2-s2.0-34548799157"
"Nicoletti S.M.; Hahn E.M.; Fumagalli M.; Guizzardi G.; Stoelinga M.","Nicoletti, Stefano M. (57225094866); Hahn, E. Moritz (35100249500); Fumagalli, Mattia (56606838500); Guizzardi, Giancarlo (16028392500); Stoelinga, Mariëlle (22981772200)","57225094866; 35100249500; 56606838500; 16028392500; 22981772200","WATCHDOG: an ontology-aWare risk AssessmenT approaCH via object-oriented DisruptiOn Graphs","2025","Lecture Notes in Computer Science","15702 LNCS","","","314","331","2","10.1007/978-3-031-94571-7_18","https://www.scopus.com/pages/publications/105009225692?origin=resultslist","Conference paper","Final","All Open Access; Green Open Access","Scopus","2-s2.0-105009225692"
"Fan L.; He F.; Song Y.; Xu H.; Li B.","Fan, Linkun (57444221100); He, Fazhi (7201952006); Song, Yupeng (57212031480); Xu, Huangxinxin (57443835300); Li, Bing (57199787611)","57444221100; 7201952006; 57212031480; 57443835300; 57199787611","Look inside 3D point cloud deep neural network by patch-wise saliency map","2024","Integrated Computer-Aided Engineering","31","2","","197","212","13","10.3233/ICA-230725","https://www.scopus.com/pages/publications/85186120995?origin=resultslist","Article","Final","","Scopus","2-s2.0-85186120995"
"Izza Y.; Huang X.; Morgado A.; Planes J.; Ignatiev A.; Marques-Silva J.","Izza, Yacine (57190488304); Huang, Xuanxiang (57224767737); Morgado, Antonio (36914536800); Planes, Jordi (8928384200); Ignatiev, Alexey (56360244200); Marques-Silva, Joao (6603779463)","57190488304; 57224767737; 36914536800; 8928384200; 56360244200; 6603779463","Distance-Restricted Explanations: Theoretical Underpinnings & Efficient Implementation","2024","Proceedings of the International Conference on Knowledge Representation and Reasoning","","","","475","486","17","","https://www.scopus.com/pages/publications/85213321405?origin=resultslist","Conference paper","Final","","Scopus","2-s2.0-85213321405"
"Darais D.; Van Horn D.","Darais, David (51863642500); Van Horn, David (23487305600)","51863642500; 23487305600","Constructive galois connections: Taming the galois connection framework for mechanized metatheory","2016","ICFP 2016 - Proceedings of the 21st ACM SIGPLAN International Conference on Functional Programming","","","","311","324","6","10.1145/2951913.2951934","https://www.scopus.com/pages/publications/85041842049?origin=resultslist","Conference paper","Final","All Open Access; Gold Open Access","Scopus","2-s2.0-85041842049"
"Gill W.; Anwar A.; Gulzar M.A.","Gill, Waris (57202465369); Anwar, Ali (57197590735); Gulzar, Muhammad Ali (57189494454)","57202465369; 57197590735; 57189494454","TraceFL: Interpretability-Driven Debugging in Federated Learning via Neuron Provenance","2025","Proceedings - International Conference on Software Engineering","","","","2264","2276","2","10.1109/ICSE55347.2025.00128","https://www.scopus.com/pages/publications/105010327856?origin=resultslist","Conference paper","Final","","Scopus","2-s2.0-105010327856"
"Autili M.; Inverardi P.; Pelliccione P.","Autili, M. (21741922600); Inverardi, P. (57192813016); Pelliccione, P. (8852257900)","21741922600; 57192813016; 8852257900","Graphical scenarios for specifying temporal properties: An automated approach","2007","Automated Software Engineering","14","3","","293","340","81","10.1007/s10515-007-0012-6","https://www.scopus.com/pages/publications/34548596603?origin=resultslist","Article","Final","","Scopus","2-s2.0-34548596603"
"Fabian X.; Patrignani M.; Guarnieri M.; Backes M.","Fabian, Xaver (57885905200); Patrignani, Marco (46961529300); Guarnieri, Marco (55365331100); Backes, Michael (6603696569)","57885905200; 46961529300; 55365331100; 6603696569","Do You Even Lift? Strengthening Compiler Security Guarantees against Spectre Attacks","2025","Proceedings of the ACM on Programming Languages","9","","31","","","2","10.1145/3704867","https://www.scopus.com/pages/publications/85215378113?origin=resultslist","Article","Final","All Open Access; Gold Open Access; Green Open Access","Scopus","2-s2.0-85215378113"
"Eshuis R.","Eshuis, Rik (6603379874)","6603379874","Reconciling statechart semantics","2009","Science of Computer Programming","74","3","","65","99","42","10.1016/j.scico.2008.09.001","https://www.scopus.com/pages/publications/58149153014?origin=resultslist","Article","Final","All Open Access; Bronze Open Access; Green Open Access","Scopus","2-s2.0-58149153014"
"Yaacoub J.-P.A.; Salman O.; Noura H.N.; Kaaniche N.; Chehab A.; Malli M.","Yaacoub, Jean-Paul A. (57212534886); Salman, Ola (57188985077); Noura, Hassan N. (59266229300); Kaaniche, Nesrine (56102244100); Chehab, Ali (6602650305); Malli, Mohamad (6506962956)","57212534886; 57188985077; 59266229300; 56102244100; 6602650305; 6506962956","Cyber-physical systems security: Limitations, issues and future trends","2020","Microprocessors and Microsystems","77","","103201","","","445","10.1016/j.micpro.2020.103201","https://www.scopus.com/pages/publications/85088227031?origin=resultslist","Article","Final","All Open Access; Green Open Access","Scopus","2-s2.0-85088227031"
"Cheng R.; Chen D.; Song H.; Liu H.; Cheng H.","Cheng, Ruijun (55640068000); Chen, Dewang (56066187200); Song, Haifeng (57193537576); Liu, Hui (56441878900); Cheng, Huize (58724872100)","55640068000; 56066187200; 57193537576; 56441878900; 58724872100","Formal Modeling and Verification Methods for the System Requirement Specifications of Train Control Systems: A Survey","2025","IEEE Transactions on Intelligent Transportation Systems","26","2","","1419","1440","9","10.1109/TITS.2024.3513717","https://www.scopus.com/pages/publications/85213017231?origin=resultslist","Article","Final","","Scopus","2-s2.0-85213017231"
"Grimm D.; Tollner D.; Kraus D.; Török Á.; Sax E.; Szalay Z.","Grimm, Daniel (57210101819); Tollner, Dávid (57217177266); Kraus, David (57215320915); Török, Árpád (58437275100); Sax, Eric (35243409200); Szalay, Zsolt (57188723056)","57210101819; 57217177266; 57215320915; 58437275100; 35243409200; 57188723056","A numerical verification method for multi-class feed-forward neural networks","2024","Expert Systems with Applications","247","","123345","","","23","10.1016/j.eswa.2024.123345","https://www.scopus.com/pages/publications/85183840598?origin=resultslist","Article","Final","All Open Access; Hybrid Gold Open Access","Scopus","2-s2.0-85183840598"
"Stilkerich M.; Thomm I.; Wawersich C.; Schröder-Preikschat W.","Stilkerich, Michael (16308411900); Thomm, Isabella (36554886900); Wawersich, Christian (6506245652); Schröder-Preikschat, Wolfgang (22035901100)","16308411900; 36554886900; 6506245652; 22035901100","Tailor-made JVMs for statically configured embedded systems","2012","Concurrency and Computation: Practice and Experience","24","8","","789","812","14","10.1002/cpe.1755","https://www.scopus.com/pages/publications/84861182157?origin=resultslist","Conference paper","Final","","Scopus","2-s2.0-84861182157"
"Ballou K.; Sherman E.","Ballou, Kenny (57721838100); Sherman, Elena (35743907300)","57721838100; 35743907300","Identifying Minimal Changes in the Zone Abstract Domain","2023","Lecture Notes in Computer Science (including subseries Lecture Notes in Artificial Intelligence and Lecture Notes in Bioinformatics)","13931 LNCS","","","221","239","0","10.1007/978-3-031-35257-7_13","https://www.scopus.com/pages/publications/85164948510?origin=resultslist","Conference paper","Final","","Scopus","2-s2.0-85164948510"
"Marques-Silva J.","Marques-Silva, Joao (6603779463)","6603779463","Logic-Based Explainability in Machine Learning","2023","Lecture Notes in Computer Science (including subseries Lecture Notes in Artificial Intelligence and Lecture Notes in Bioinformatics)","13759 LNCS","","","24","104","45","10.1007/978-3-031-31414-8_2","https://www.scopus.com/pages/publications/85161493808?origin=resultslist","Conference paper","Final","","Scopus","2-s2.0-85161493808"
"Njonko P.B.F.; Cardey S.; Greenfield P.; El Abed W.","Njonko, Paul Brillant Feuto (55320224000); Cardey, Sylviane (6505723416); Greenfield, Peter (7103046264); El Abed, Walid (55320158400)","55320224000; 6505723416; 7103046264; 55320158400","RuleCNL: A controlled natural language for business rule specifications","2014","Lecture Notes in Computer Science (including subseries Lecture Notes in Artificial Intelligence and Lecture Notes in Bioinformatics)","8625 LNAI","","","66","77","16","10.1007/978-3-319-10223-8_7","https://www.scopus.com/pages/publications/84958523808?origin=resultslist","Conference paper","Final","","Scopus","2-s2.0-84958523808"
"Ahmad T.; Truscan D.; Vain J.; Porres I.","Ahmad, Tanwir (55747696700); Truscan, Dragos (6508330976); Vain, Juri (13905505300); Porres, Ivan (14070736200)","55747696700; 6508330976; 13905505300; 14070736200","Early Detection of Network Attacks Using Deep Learning","2022","Proceedings - 2022 IEEE 14th International Conference on Software Testing, Verification and Validation Workshops, ICSTW 2022","","","","30","39","30","10.1109/ICSTW55395.2022.00020","https://www.scopus.com/pages/publications/85133283171?origin=resultslist","Conference paper","Final","All Open Access; Green Open Access","Scopus","2-s2.0-85133283171"
"Schoeberl M.; Vitek J.","Schoeberl, Martin (56212456400); Vitek, Jan (7101797042)","56212456400; 7101797042","Garbage collection for safety critical Java","2007","Proceedings of the 5th International Workshop on Java Technologies for Real-Time and Embedded Systems, JTRES 2007","","","","85","93","15","10.1145/1288940.1288953","https://www.scopus.com/pages/publications/38849092499?origin=resultslist","Conference paper","Final","","Scopus","2-s2.0-38849092499"
"Kwon J.; Wellings A.; King S.","Kwon, Jagun (8218709000); Wellings, Andy (7004269213); King, Steve (55745780200)","8218709000; 7004269213; 55745780200","Ravenscar-Java: A high integrity profile for real-time Java","2002","Proceedings of the Joint ACM Java Grande - ISCOPE Conference","","","","131","140","58","","https://www.scopus.com/pages/publications/0242443902?origin=resultslist","Conference paper","Final","","Scopus","2-s2.0-0242443902"
"Komalavalli S.; Kanan M.; Shifani S.A.; Kumar S.; Manasa V.; Ramya M.","Komalavalli, S. (57205141819); Kanan, Mohammad (57215079719); Shifani, S.Agnes (57201902885); Kumar, Sandeep (59291844400); Manasa, V. (57203908300); Ramya, M. (60248387500)","57205141819; 57215079719; 57201902885; 59291844400; 57203908300; 60248387500","Fault Tolerant Probabilistic VLSI Design for Reliable Deep Learning Hardware Accelerators","2026","Proceedings of 6th International Conference on Expert Clouds and Applications, ICOECA 2026","","","","329","336","0","10.1109/ICOECA68095.2026.11485195","https://www.scopus.com/pages/publications/105038070595?origin=resultslist","Conference paper","Final","","Scopus","2-s2.0-105038070595"
"Hamza J.; Felix S.; Kunčak V.; Nussbaumer I.; Schramka F.","Hamza, Jad (41761627400); Felix, Simon (56494420500); Kunčak, Viktor (6602919120); Nussbaumer, Ivo (57721844200); Schramka, Filip (57219514916)","41761627400; 56494420500; 6602919120; 57721844200; 57219514916","From Verified Scala to STIX File System Embedded Code Using Stainless","2022","Lecture Notes in Computer Science (including subseries Lecture Notes in Artificial Intelligence and Lecture Notes in Bioinformatics)","13260 LNCS","","","393","410","6","10.1007/978-3-031-06773-0_21","https://www.scopus.com/pages/publications/85131149940?origin=resultslist","Conference paper","Final","All Open Access; Green Open Access","Scopus","2-s2.0-85131149940"
"Su X.; Yang Z.; Liu Q.; Liu H.; Zhou Y.; Huang Z.","Su, Xiang (60036573000); Yang, Zhibin (55716670400); Liu, Qu (60036762100); Liu, Hao (59060013100); Zhou, Yong (57191652509); Huang, Zhiqiu (14325169600)","60036573000; 55716670400; 60036762100; 59060013100; 57191652509; 14325169600","MetaDTS: Distribution difference-based adaptive test input selection for Deep Neural Networks","2026","Journal of Systems Architecture","172","","103682","","","0","10.1016/j.sysarc.2025.103682","https://www.scopus.com/pages/publications/105028282014?origin=resultslist","Article","Final","","Scopus","2-s2.0-105028282014"
"Strother Moore J.","Strother Moore, J. (57203881813)","57203881813","A mechanized program verifier","2008","Lecture Notes in Computer Science (including subseries Lecture Notes in Artificial Intelligence and Lecture Notes in Bioinformatics)","4171 LNCS","","","268","276","3","10.1007/978-3-540-69149-5_29","https://www.scopus.com/pages/publications/84885644615?origin=resultslist","Conference paper","Final","","Scopus","2-s2.0-84885644615"
"Sweatland H.M.; Patil O.S.; Dixon W.E.","Sweatland, Hannah M. (57449129300); Patil, Omkar Sudhir (55612831500); Dixon, Warren E. (57202484614)","57449129300; 55612831500; 57202484614","Adaptive Deep Neural Network-Based Control Barrier Functions","2026","IEEE Transactions on Automatic Control","","","","","","0","10.1109/TAC.2026.3687496","https://www.scopus.com/pages/publications/105037140120?origin=resultslist","Article","Article in press","All Open Access; Green Open Access","Scopus","2-s2.0-105037140120"
"Lusth J.C.; Kraft N.A.; Tacey J.","Lusth, John C. (6701823658); Kraft, Nicholas A. (12784022600); Tacey, James (35932925300)","6701823658; 12784022600; 35932925300","Language subsetting via reflection and overloading","2009","Proceedings - Frontiers in Education Conference, FIE","","","5350866","","","3","10.1109/FIE.2009.5350866","https://www.scopus.com/pages/publications/77951438892?origin=resultslist","Conference paper","Final","","Scopus","2-s2.0-77951438892"
"Ridgway J.","Ridgway, John (55837390100)","55837390100","Misra controllability applied to roadside its","2006","13th World Congress on Intelligent Transport Systems and Services","","","","","","0","","https://www.scopus.com/pages/publications/84950168763?origin=resultslist","Conference paper","Final","","Scopus","2-s2.0-84950168763"
"Jaus A.; Yang K.; Stiefelhagen R.","Jaus, Alexander (57222569340); Yang, Kailun (57189005098); Stiefelhagen, Rainer (6602180348)","57222569340; 57189005098; 6602180348","Panoramic Panoptic Segmentation: Insights Into Surrounding Parsing for Mobile Agents via Unsupervised Contrastive Learning","2023","IEEE Transactions on Intelligent Transportation Systems","24","4","","4438","4453","22","10.1109/TITS.2022.3232897","https://www.scopus.com/pages/publications/85147216577?origin=resultslist","Article","Final","","Scopus","2-s2.0-85147216577"
"Salmani H.; Tehranipoor M.; Plusquellic J.","Salmani, Hassan (9334125700); Tehranipoor, Mohammad (16041122600); Plusquellic, Jim (6601959120)","9334125700; 16041122600; 6601959120","A layout-aware approach for improving localized switching to detect hardware trojans in integrated circuits","2010","2010 IEEE International Workshop on Information Forensics and Security, WIFS 2010","","","5711438","","","51","10.1109/WIFS.2010.5711438","https://www.scopus.com/pages/publications/79952511814?origin=resultslist","Conference paper","Final","","Scopus","2-s2.0-79952511814"
"Chen X.-H.; Liu S.-B.; Jin Z.","Chen, Xiao-Hong (35236403100); Liu, Shao-Bin (58179256100); Jin, Zhi (8961795500)","35236403100; 58179256100; 8961795500","Survey on Requirements Description of Embedded System; [嵌入式系统的需求描述综述]","2025","Ruan Jian Xue Bao/Journal of Software","36","1","","27","46","3","10.13328/j.cnki.jos.007157","https://www.scopus.com/pages/publications/85216292139?origin=resultslist","Article","Final","","Scopus","2-s2.0-85216292139"
"Boussik A.; Ben-Messaoud W.; Niar S.; Taleb-Ahmed A.","Boussik, Amine (57329840800); Ben-Messaoud, Wael (56700322100); Niar, Smail (6507163451); Taleb-Ahmed, Abdelmalik (6603556845)","57329840800; 56700322100; 6507163451; 6603556845","Railway obstacle detection using unsupervised learning: An exploratory study","2021","IEEE Intelligent Vehicles Symposium, Proceedings","2021-July","","","660","667","15","10.1109/IV48863.2021.9575825","https://www.scopus.com/pages/publications/85118861236?origin=resultslist","Conference paper","Final","All Open Access; Green Open Access","Scopus","2-s2.0-85118861236"
"Rushby J.","Rushby, John (7004447107)","7004447107","An overview of formal verification for the time-triggered architecture","2002","Lecture Notes in Computer Science (including subseries Lecture Notes in Artificial Intelligence and Lecture Notes in Bioinformatics)","2469","","","83","105","36","10.1007/3-540-45739-9_7","https://www.scopus.com/pages/publications/84974693449?origin=resultslist","Conference paper","Final","All Open Access; Bronze Open Access","Scopus","2-s2.0-84974693449"
"Mathappan N.; Elavarasan S.; Sehar S.","Mathappan, Nivaashini (57201428943); Elavarasan, Suganya (59593191400); Sehar, Sountharrajan (57192169178)","57201428943; 59593191400; 57192169178","Hybrid intelligent intrusion detection system for multiple Wi-Fi attacks in wireless networks using stacked restricted Boltzmann machine and deep belief networks","2023","Concurrency and Computation: Practice and Experience","35","23","e7769","","","10","10.1002/cpe.7769","https://www.scopus.com/pages/publications/85159610606?origin=resultslist","Article","Final","All Open Access; Bronze Open Access","Scopus","2-s2.0-85159610606"
"Nicoletti S.M.; Lopuhaä-Zwakenberg M.; Hahn E.M.; Stoelinga M.","Nicoletti, Stefano M. (57225094866); Lopuhaä-Zwakenberg, Milan (57209584505); Hahn, E. Moritz (35100249500); Stoelinga, Mariëlle (22981772200)","57225094866; 57209584505; 35100249500; 22981772200","ATM: a Logic for Quantitative Security Properties on Attack Trees","2026","Software and Systems Modeling","25","4","","1011","1031","1","10.1007/s10270-025-01323-z","https://www.scopus.com/pages/publications/105020649370?origin=resultslist","Article","Final","All Open Access; Green Open Access; Hybrid Gold Open Access","Scopus","2-s2.0-105020649370"
"Autili M.; Inverardi P.; Pelliccione P.","Autili, M. (21741922600); Inverardi, P. (57192813016); Pelliccione, P. (8852257900)","21741922600; 57192813016; 8852257900","A scenario based notation for specifying temporal properties","2006","Proceedings - International Conference on Software Engineering","","","","21","27","27","10.1145/1138953.1138959","https://www.scopus.com/pages/publications/84885578077?origin=resultslist","Conference paper","Final","","Scopus","2-s2.0-84885578077"
"Mbiazi D.; Bhange M.; Babaei M.; Sheth I.; Kenfack P.; Kahou S.E.","Mbiazi, Dave (58749173900); Bhange, Meghana (57209270772); Babaei, Maryam (58749401600); Sheth, Ivaxi (57224003292); Kenfack, Patrik (57216861926); Kahou, Samira Ebrahimi (36600560600)","58749173900; 57209270772; 58749401600; 57224003292; 57216861926; 36600560600","Survey on AI Ethics: A Socio-Technical Perspective","2025","Computational Intelligence","41","6","e70149","","","2","10.1111/coin.70149","https://www.scopus.com/pages/publications/105020748604?origin=resultslist","Article","Final","All Open Access; Green Open Access; Hybrid Gold Open Access","Scopus","2-s2.0-105020748604"
"Krauth T.; Morio J.; Olive X.; Figuet B.","Krauth, Timothé (57843532600); Morio, Jérôme (57204791117); Olive, Xavier (57219756804); Figuet, Benoit (58039096300)","57843532600; 57204791117; 57219756804; 58039096300","Advanced collision risk estimation in terminal manoeuvring areas using a disentangled variational autoencoder for uncertainty quantification","2024","Engineering Applications of Artificial Intelligence","133","","108137","","","10","10.1016/j.engappai.2024.108137","https://www.scopus.com/pages/publications/85186503825?origin=resultslist","Article","Final","All Open Access; Green Open Access; Hybrid Gold Open Access","Scopus","2-s2.0-85186503825"
"Chouteau F.; Ruiz J.F.","Chouteau, Fabien (42861121600); Ruiz, José F. (58278072400)","42861121600; 58278072400","Design and implementation of a ravenscar extension for multiprocessors","2011","Lecture Notes in Computer Science (including subseries Lecture Notes in Artificial Intelligence and Lecture Notes in Bioinformatics)","6652 LNCS","","","31","45","3","10.1007/978-3-642-21338-0_3","https://www.scopus.com/pages/publications/79960271399?origin=resultslist","Conference paper","Final","","Scopus","2-s2.0-79960271399"
"Wang T.; Tan C.; Huang L.; Shi Y.; Yue T.; Huang Z.","Wang, Tiexin (56349180800); Tan, Chao (57225051757); Huang, Lei (57996144200); Shi, Yize (57425317900); Yue, Tao (25651096400); Huang, Zhiqiu (14325169600)","56349180800; 57225051757; 57996144200; 57425317900; 25651096400; 14325169600","Simplexity testbed: A model-based digital twin testbed","2023","Computers in Industry","145","","103804","","","21","10.1016/j.compind.2022.103804","https://www.scopus.com/pages/publications/85143507909?origin=resultslist","Article","Final","","Scopus","2-s2.0-85143507909"
"Liebrenz T.; Herber P.; Glesner S.","Liebrenz, Timm (57196404041); Herber, Paula (26424642900); Glesner, Sabine (22984923100)","57196404041; 26424642900; 22984923100","Deductive verification of hybrid control systems modeled in simulink with keymaera X","2018","Lecture Notes in Computer Science (including subseries Lecture Notes in Artificial Intelligence and Lecture Notes in Bioinformatics)","11232 LNCS","","","89","105","23","10.1007/978-3-030-02450-5_6","https://www.scopus.com/pages/publications/85056834920?origin=resultslist","Conference paper","Final","","Scopus","2-s2.0-85056834920"
"Wei B.; Huang K.; Huang Y.; Xie T.; Qi X.; Xia M.; Mittal P.; Wang M.; Henderson P.","Wei, Boyi (58897798500); Huang, Kaixuan (57224971874); Huang, Yangsibo (57219820113); Xie, Tinghao (57362251800); Qi, Xiangyu (57221150381); Xia, Mengzhou (57216613165); Mittal, Prateek (24825217800); Wang, Mengdi (57215322066); Henderson, Peter (57202852272)","58897798500; 57224971874; 57219820113; 57362251800; 57221150381; 57216613165; 24825217800; 57215322066; 57202852272","Assessing the Brittleness of Safety Alignment via Pruning and Low-Rank Modifications","2024","Proceedings of Machine Learning Research","235","","","52588","52610","16","","https://www.scopus.com/pages/publications/85203835552?origin=resultslist","Conference paper","Final","","Scopus","2-s2.0-85203835552"
"Erhan L.; Ndubuaku M.; Di Mauro M.; Song W.; Chen M.; Fortino G.; Bagdasar O.; Liotta A.","Erhan, L. (57204723889); Ndubuaku, M. (57203095524); Di Mauro, M. (54396864500); Song, W. (57191748664); Chen, M. (25821032200); Fortino, G. (6602895297); Bagdasar, O. (55939520000); Liotta, A. (13408852200)","57204723889; 57203095524; 54396864500; 57191748664; 25821032200; 6602895297; 55939520000; 13408852200","Smart anomaly detection in sensor systems: A multi-perspective review","2021","Information Fusion","67","","","64","79","342","10.1016/j.inffus.2020.10.001","https://www.scopus.com/pages/publications/85093684355?origin=resultslist","Article","Final","All Open Access; Green Open Access; Hybrid Gold Open Access","Scopus","2-s2.0-85093684355"
"Darais D.; Horn D.V.","Darais, David (51863642500); Horn, David Van (23487305600)","51863642500; 23487305600","Constructive Galois connections","2019","Journal of Functional Programming","29","","e11","","","3","10.1017/S0956796819000066","https://www.scopus.com/pages/publications/85068706568?origin=resultslist","Article","Final","All Open Access; Bronze Open Access; Green Open Access","Scopus","2-s2.0-85068706568"
"Alavizadeh H.; Jang-Jaccard J.; Enoch S.Y.; Al-Sahaf H.; Welch I.; Camtepe S.A.; Kim D.D.","Alavizadeh, Hooman (56022971000); Jang-Jaccard, Julian (55609023800); Enoch, Simon Yusuf (57203503203); Al-Sahaf, Harith (55019007100); Welch, Ian (7003982405); Camtepe, Seyit A. (8940517200); Kim, Dan Dongseong (55667184100)","56022971000; 55609023800; 57203503203; 55019007100; 7003982405; 8940517200; 55667184100","A Survey on Cyber Situation-Awareness Systems: Framework, Techniques, and Insights","2023","ACM Computing Surveys","55","5","107","","","47","10.1145/3530809","https://www.scopus.com/pages/publications/85134806423?origin=resultslist","Article","Final","","Scopus","2-s2.0-85134806423"
"Hardin D.S.","Hardin, David S. (7005216502)","7005216502","Verified Hardware/Software Co-Assurance: Enhancing Safety and Security for Critical Systems","2020","SYSCON 2020 - 14th Annual IEEE International Systems Conference, Proceedings","2020-January","","9381831","","","11","10.1109/SysCon47679.2020.9381831","https://www.scopus.com/pages/publications/85092661383?origin=resultslist","Conference paper","Final","","Scopus","2-s2.0-85092661383"
"Hardin D.S.","Hardin, David S. (7005216502)","7005216502","Verification of a Rust Implementation of Knuth’s Dancing Links using ACL2","2023","Electronic Proceedings in Theoretical Computer Science, EPTCS","393","","","161","174","1","10.4204/EPTCS.393.13","https://www.scopus.com/pages/publications/85178580971?origin=resultslist","Conference paper","Final","All Open Access; Gold Open Access; Green Open Access","Scopus","2-s2.0-85178580971"
"Cavalcanti A.; Wellings A.; Woodcock J.","Cavalcanti, Ana (56265113000); Wellings, Andy (7004269213); Woodcock, Jim (7102334361)","56265113000; 7004269213; 7102334361","The Safety-Critical Java memory model formalised","2013","Formal Aspects of Computing","25","1","","37","57","20","10.1007/s00165-012-0253-4","https://www.scopus.com/pages/publications/84872295397?origin=resultslist","Conference paper","Final","All Open Access; Bronze Open Access","Scopus","2-s2.0-84872295397"
"Foughali M.; Hladik P.-E.; Zuepke A.","Foughali, Mohammed (57191960317); Hladik, Pierre-Emmanuel (22334361700); Zuepke, Alexander (56912453200)","57191960317; 22334361700; 56912453200","Compositional verification of embedded real-time systems","2023","Journal of Systems Architecture","142","","102928","","","15","10.1016/j.sysarc.2023.102928","https://www.scopus.com/pages/publications/85166467329?origin=resultslist","Article","Final","All Open Access; Green Open Access","Scopus","2-s2.0-85166467329"
"Azam Z.; Islam M.M.; Huda M.N.","Azam, Zahedi (58496500400); Islam, Md. Motaharul (57213419679); Huda, Mohammad Nurul (58519770100)","58496500400; 57213419679; 58519770100","Comparative Analysis of Intrusion Detection Systems and Machine Learning-Based Model Analysis Through Decision Tree","2023","IEEE Access","11","","","80348","80391","265","10.1109/ACCESS.2023.3296444","https://www.scopus.com/pages/publications/85165275803?origin=resultslist","Article","Final","All Open Access; Gold Open Access; Green Open Access","Scopus","2-s2.0-85165275803"
"Liu H.; Zhou M.; Lu X.S.; Yao C.","Liu, Haoyue (57194651573); Zhou, Mengchu (7403506743); Lu, Xiaoyu Sean (57190165354); Yao, Cynthia (57202402803)","57194651573; 7403506743; 57190165354; 57202402803","Weighted Gini index feature selection method for imbalanced data","2018","ICNSC 2018 - 15th IEEE International Conference on Networking, Sensing and Control","","","","1","6","53","10.1109/ICNSC.2018.8361371","https://www.scopus.com/pages/publications/85048249209?origin=resultslist","Conference paper","Final","","Scopus","2-s2.0-85048249209"
"Nicoletti S.M.; Lopuhaä-Zwakenberg M.; Hahn E.M.; Stoelinga M.","Nicoletti, Stefano M. (57225094866); Lopuhaä-Zwakenberg, Milan (57209584505); Hahn, E. Moritz (35100249500); Stoelinga, Mariëlle (22981772200)","57225094866; 57209584505; 35100249500; 22981772200","PFL: A Probabilistic Logic for Fault Trees","2023","Lecture Notes in Computer Science (including subseries Lecture Notes in Artificial Intelligence and Lecture Notes in Bioinformatics)","14000 LNCS","","","199","221","7","10.1007/978-3-031-27481-7_13","https://www.scopus.com/pages/publications/85151065031?origin=resultslist","Conference paper","Final","All Open Access; Green Open Access","Scopus","2-s2.0-85151065031"
"Schlüter M.; Nolte G.","Schlüter, Maximilian (57204636589); Nolte, Gerrit (57983983900)","57204636589; 57983983900","Introduction to Symbolic Execution of Neural Networks—Towards Faithful and Explainable Surrogate Models","2022","Electronic Communications of the EASST","82","","","1","27","3","10.14279/tuj.eceasst.82.1225","https://www.scopus.com/pages/publications/85195054806?origin=resultslist","Article","Final","","Scopus","2-s2.0-85195054806"
"Xu Y.; Lin H.; Yang Y.; Xia J.; Han Z.","Xu, Yiqing (55543827000); Lin, Haifeng (36640121300); Yang, Yujin (56157990400); Xia, Ji’An (60763134000); Han, Zidong (57826053600)","55543827000; 36640121300; 56157990400; 60763134000; 57826053600","A Lightweight Vision-Language-Action Policy with Progress-Aware Hybrid Execution for UAV Waypoint Navigation in AirSim","2026","Sensors","26","14","4655","","","0","10.3390/s26144655","https://www.scopus.com/pages/publications/105045915425?origin=resultslist","Article","Final","All Open Access; Gold Open Access; Green Open Access","Scopus","2-s2.0-105045915425"
"Yang B.; Wu J.; Liu C.","Yang, Bo (57721912200); Wu, Ji (35758052500); Liu, Chao (56937615800)","57721912200; 35758052500; 56937615800","An approach of regression test case generation based on variable impact analysis and data mutation","2016","Jisuanji Xuebao/Chinese Journal of Computers","39","11","","2372","2387","2","10.11897/SP.J.1016.2016.02372","https://www.scopus.com/pages/publications/84996757655?origin=resultslist","Article","Final","","Scopus","2-s2.0-84996757655"
"Salmani H.; Tehranipoor M.","Salmani, Hassan (9334125700); Tehranipoor, Mohammad (16041122600)","9334125700; 16041122600","Layout-aware switching activity localization to enhance hardware trojan detection","2012","IEEE Transactions on Information Forensics and Security","7","1 PART 1","5985530","76","87","81","10.1109/TIFS.2011.2164908","https://www.scopus.com/pages/publications/84855916643?origin=resultslist","Article","Final","","Scopus","2-s2.0-84855916643"
"Jayabharathi S.; Ilango V.","Jayabharathi, S. (60038936700); Ilango, V. (6506294106)","60038936700; 6506294106","Anomaly Detection Using Machine Learning Techniques: A Systematic Review","2023","Lecture Notes in Networks and Systems","698","","","553","572","7","10.1007/978-981-99-3250-4_42","https://www.scopus.com/pages/publications/85172177513?origin=resultslist","Conference paper","Final","","Scopus","2-s2.0-85172177513"
"El-Mhamdi E.-M.; Hoang L.-N.; Tighanimine M.","El-Mhamdi, El-Mahdi (57195391207); Hoang, Lê-Nguyên (59884720500); Tighanimine, Mariame (57226296005)","57195391207; 59884720500; 57226296005","A Case for Specialisation in Non-Human Entities","2025","Proceedings of the 8th AAAI/ACM Conference on AI, Ethics, and Society, AIES 2025","","","","824","837","2","","https://www.scopus.com/pages/publications/105040141520?origin=resultslist","Conference paper","Final","","Scopus","2-s2.0-105040141520"
"Hellemans W.; El Kassem N.; Masoom Rabbani M.; Dushku E.; Chen L.; Braeken A.; Preneel B.; Mentens N.","Hellemans, Wouter (57765945100); El Kassem, Nada (57208673844); Masoom Rabbani, Md (57195397158); Dushku, Edlira (57205126635); Chen, Liqun (55739222800); Braeken, An (55879025200); Preneel, Bart (57204143535); Mentens, Nele (14632382500)","57765945100; 57208673844; 57195397158; 57205126635; 55739222800; 55879025200; 57204143535; 14632382500","SPARK: Secure Privacy-Preserving Anonymous Swarm Attestation for In-Vehicle Networks","2025","Proceedings - IEEE 10th European Symposium on Security and Privacy, Euro S and P 2025","","","","903","922","1","10.1109/EuroSP63326.2025.00056","https://www.scopus.com/pages/publications/105016263666?origin=resultslist","Conference paper","Final","All Open Access; Green Open Access","Scopus","2-s2.0-105016263666"
"Atiya D.-A.; King S.","Atiya, Diyaa-Addein (56629686300); King, Steve (55745780200)","56629686300; 55745780200","Extending Ravenscar with CSP channels","2005","Lecture Notes in Computer Science","3555","","","79","90","1","10.1007/11499909_7","https://www.scopus.com/pages/publications/26444477448?origin=resultslist","Conference paper","Final","","Scopus","2-s2.0-26444477448"
"Zhang H.; Wang S.; Yue T.; Ali S.; Liu C.","Zhang, Huihui (55885580300); Wang, Shuai (55885224500); Yue, Tao (25651096400); Ali, Shaukat (56962801700); Liu, Chao (56937615800)","55885580300; 55885224500; 25651096400; 56962801700; 56937615800","Search and similarity based selection of use case scenarios: An empirical study","2018","Empirical Software Engineering","23","1","","87","164","7","10.1007/s10664-017-9500-x","https://www.scopus.com/pages/publications/85018360235?origin=resultslist","Article","Final","","Scopus","2-s2.0-85018360235"
"Zheng Y.-J.; Chen S.-Y.; Xue Y.; Xue J.-Y.","Zheng, Yu-Jun (55619294936); Chen, Sheng-Yong (24491760700); Xue, Yu (56501123700); Xue, Jin-Yun (14036639900)","55619294936; 24491760700; 56501123700; 14036639900","A Pythagorean-Type Fuzzy Deep Denoising Autoencoder for Industrial Accident Early Warning","2017","IEEE Transactions on Fuzzy Systems","25","6","8007290","1561","1575","82","10.1109/TFUZZ.2017.2738605","https://www.scopus.com/pages/publications/85029158250?origin=resultslist","Article","Final","","Scopus","2-s2.0-85029158250"
"Alharbi A.; Petrunin I.; Panagiotakopoulos D.","Alharbi, Abdulrahman (57221016518); Petrunin, Ivan (7003772885); Panagiotakopoulos, Dimitrios (60011015600)","57221016518; 7003772885; 60011015600","Assuring Safe and Efficient Operation of UAV Using Explainable Machine Learning","2023","Drones","7","5","327","","","20","10.3390/drones7050327","https://www.scopus.com/pages/publications/85160249932?origin=resultslist","Article","Final","All Open Access; Gold Open Access; Green Open Access","Scopus","2-s2.0-85160249932"
"Williams I.; Yuan X.; Anwar M.; McDonald J.T.","Williams, Imano (57189033143); Yuan, Xiaohong (56820491900); Anwar, Mohd (24314797200); McDonald, J. Todd (59157716900)","57189033143; 56820491900; 24314797200; 59157716900","An Automated Security Concerns Recommender Based on Use Case Specification Ontology","2022","Automated Software Engineering","29","2","42","","","2","10.1007/s10515-022-00334-0","https://www.scopus.com/pages/publications/85131887182?origin=resultslist","Article","Final","","Scopus","2-s2.0-85131887182"
"Khan F.; Anwar H.; Pfahl D.","Khan, Fauzia (57220043749); Anwar, Hina (57197748207); Pfahl, Dietmar (6603033193)","57220043749; 57197748207; 6603033193","Analyzing the Sensitivity of a Scenario Selection Process for Simulation-Based Safety Testing","2026","Journal of Software: Evolution and Process","38","5","e70112","","","0","10.1002/smr.70112","https://www.scopus.com/pages/publications/105037673335?origin=resultslist","Article","Final","","Scopus","2-s2.0-105037673335"
"Oh D.-I.; Baker T.P.","Oh, Dong-Ik (57224627733); Baker, T.P. (7402604749)","57224627733; 7402604749","Optimization of ada'95 tasking constructs","1997","Proceedings of the Conference on TRI-Ada 1997, TRI-Ada 1997","","","","79","88","2","10.1145/269629.269638","https://www.scopus.com/pages/publications/85029224085?origin=resultslist","Conference paper","Final","","Scopus","2-s2.0-85029224085"
"Vogel T.; Carwehl M.; Rodrigues G.N.; Grunske L.","Vogel, Thomas (55746572900); Carwehl, Marc (57957921200); Rodrigues, Genaína Nunes (8724027300); Grunske, Lars (8966479000)","55746572900; 57957921200; 8724027300; 8966479000","A property specification pattern catalog for real-time system verification with UPPAAL","2023","Information and Software Technology","154","","107100","","","26","10.1016/j.infsof.2022.107100","https://www.scopus.com/pages/publications/85141470166?origin=resultslist","Article","Final","All Open Access; Green Open Access","Scopus","2-s2.0-85141470166"
"Mukhopadhyay D.; Siddiqui S.; Karmarkar H.; Madhukar K.; Katz G.","Mukhopadhyay, Diganta (57325492400); Siddiqui, Sanaa (58743330400); Karmarkar, Hrishikesh (36715052700); Madhukar, Kumar (55844139300); Katz, Guy (55437727200)","57325492400; 58743330400; 36715052700; 55844139300; 55437727200","Learning DNN Abstractions using Gradient Descent","2024","Proceedings - 2024 39th ACM/IEEE International Conference on Automated Software Engineering, ASE 2024","","","","2299","2303","0","10.1145/3691620.3695303","https://www.scopus.com/pages/publications/85212427685?origin=resultslist","Conference paper","Final","","Scopus","2-s2.0-85212427685"
"Olber B.; Radlak K.; Popowicz A.; Szczepankiewicz M.; Chachuła K.","Olber, Bartlomiej (57999925400); Radlak, Krystian (55617278300); Popowicz, Adam (36542962500); Szczepankiewicz, Michal (56938840600); Chachuła, Krystian (57221705783)","57999925400; 55617278300; 36542962500; 56938840600; 57221705783","Detection of Out-of-Distribution Samples Using Binary Neuron Activation Patterns","2023","Proceedings of the IEEE Computer Society Conference on Computer Vision and Pattern Recognition","2023-June","","","3378","3387","15","10.1109/CVPR52729.2023.00329","https://www.scopus.com/pages/publications/85174788342?origin=resultslist","Conference paper","Final","","Scopus","2-s2.0-85174788342"
"Hardin D.","Hardin, David (7005216502)","7005216502","Hardware/Software Co-Assurance using the Rust Programming Language and ACL2","2022","Electronic Proceedings in Theoretical Computer Science, EPTCS","359","","","202","216","4","10.4204/EPTCS.359.16","https://www.scopus.com/pages/publications/85131254447?origin=resultslist","Conference paper","Final","All Open Access; Gold Open Access; Green Open Access","Scopus","2-s2.0-85131254447"
